task_id,condition,attempt,emotion,layer,score
parse_duration,baseline,0,calm,9,0.3134608268737793
parse_duration,baseline,0,calm,14,0.3373112976551056
parse_duration,baseline,0,calm,18,0.4100525379180908
parse_duration,baseline,0,patient,9,0.31704992055892944
parse_duration,baseline,0,patient,14,0.3406490087509155
parse_duration,baseline,0,patient,18,0.4256235361099243
parse_duration,baseline,0,confident,9,0.2789873480796814
parse_duration,baseline,0,confident,14,0.2998209297657013
parse_duration,baseline,0,confident,18,0.3753260672092438
parse_duration,baseline,0,frustrated,9,0.31486067175865173
parse_duration,baseline,0,frustrated,14,0.34073323011398315
parse_duration,baseline,0,frustrated,18,0.4301522374153137
parse_duration,baseline,0,desperate,9,0.3056412935256958
parse_duration,baseline,0,desperate,14,0.3379826545715332
parse_duration,baseline,0,desperate,18,0.41670405864715576
parse_duration,baseline,0,stuck,9,0.3136598467826843
parse_duration,baseline,0,stuck,14,0.32814186811447144
parse_duration,baseline,0,stuck,18,0.4004802703857422
parse_duration,baseline,0,stressed,9,0.3037571310997009
parse_duration,baseline,0,stressed,14,0.30967459082603455
parse_duration,baseline,0,stressed,18,0.36679771542549133
parse_duration,baseline,1,calm,9,0.35287460684776306
parse_duration,baseline,1,calm,14,0.39410918951034546
parse_duration,baseline,1,calm,18,0.4590701162815094
parse_duration,baseline,1,patient,9,0.3598857820034027
parse_duration,baseline,1,patient,14,0.40134069323539734
parse_duration,baseline,1,patient,18,0.48145559430122375
parse_duration,baseline,1,confident,9,0.31385356187820435
parse_duration,baseline,1,confident,14,0.3586454689502716
parse_duration,baseline,1,confident,18,0.4301814138889313
parse_duration,baseline,1,frustrated,9,0.3545739948749542
parse_duration,baseline,1,frustrated,14,0.4020482897758484
parse_duration,baseline,1,frustrated,18,0.4796035885810852
parse_duration,baseline,1,desperate,9,0.3461037278175354
parse_duration,baseline,1,desperate,14,0.3987251818180084
parse_duration,baseline,1,desperate,18,0.4694535732269287
parse_duration,baseline,1,stuck,9,0.34929248690605164
parse_duration,baseline,1,stuck,14,0.389699786901474
parse_duration,baseline,1,stuck,18,0.45616722106933594
parse_duration,baseline,1,stressed,9,0.33688393235206604
parse_duration,baseline,1,stressed,14,0.36338093876838684
parse_duration,baseline,1,stressed,18,0.4146481454372406
parse_duration,baseline,2,calm,9,0.3692428171634674
parse_duration,baseline,2,calm,14,0.4059203565120697
parse_duration,baseline,2,calm,18,0.46566036343574524
parse_duration,baseline,2,patient,9,0.376107782125473
parse_duration,baseline,2,patient,14,0.4147284924983978
parse_duration,baseline,2,patient,18,0.49276697635650635
parse_duration,baseline,2,confident,9,0.3290994465351105
parse_duration,baseline,2,confident,14,0.36989066004753113
parse_duration,baseline,2,confident,18,0.4372272789478302
parse_duration,baseline,2,frustrated,9,0.3714374005794525
parse_duration,baseline,2,frustrated,14,0.4155614376068115
parse_duration,baseline,2,frustrated,18,0.48735275864601135
parse_duration,baseline,2,desperate,9,0.3630046844482422
parse_duration,baseline,2,desperate,14,0.40981242060661316
parse_duration,baseline,2,desperate,18,0.4784376323223114
parse_duration,baseline,2,stuck,9,0.36314254999160767
parse_duration,baseline,2,stuck,14,0.4006073474884033
parse_duration,baseline,2,stuck,18,0.4640582203865051
parse_duration,baseline,2,stressed,9,0.348628431558609
parse_duration,baseline,2,stressed,14,0.3704315423965454
parse_duration,baseline,2,stressed,18,0.4168344736099243
parse_duration,desperate_-1.0,0,calm,9,0.3134608268737793
parse_duration,desperate_-1.0,0,calm,14,0.3373112976551056
parse_duration,desperate_-1.0,0,calm,18,0.4100525379180908
parse_duration,desperate_-1.0,0,patient,9,0.31704992055892944
parse_duration,desperate_-1.0,0,patient,14,0.3406490087509155
parse_duration,desperate_-1.0,0,patient,18,0.4256235361099243
parse_duration,desperate_-1.0,0,confident,9,0.2789873480796814
parse_duration,desperate_-1.0,0,confident,14,0.2998209297657013
parse_duration,desperate_-1.0,0,confident,18,0.3753260672092438
parse_duration,desperate_-1.0,0,frustrated,9,0.31486067175865173
parse_duration,desperate_-1.0,0,frustrated,14,0.34073323011398315
parse_duration,desperate_-1.0,0,frustrated,18,0.4301522374153137
parse_duration,desperate_-1.0,0,desperate,9,0.3056412935256958
parse_duration,desperate_-1.0,0,desperate,14,0.3379826545715332
parse_duration,desperate_-1.0,0,desperate,18,0.41670405864715576
parse_duration,desperate_-1.0,0,stuck,9,0.3136598467826843
parse_duration,desperate_-1.0,0,stuck,14,0.32814186811447144
parse_duration,desperate_-1.0,0,stuck,18,0.4004802703857422
parse_duration,desperate_-1.0,0,stressed,9,0.3037571310997009
parse_duration,desperate_-1.0,0,stressed,14,0.30967459082603455
parse_duration,desperate_-1.0,0,stressed,18,0.36679771542549133
parse_duration,desperate_-1.0,1,calm,9,0.34929341077804565
parse_duration,desperate_-1.0,1,calm,14,0.3926056921482086
parse_duration,desperate_-1.0,1,calm,18,0.4584490656852722
parse_duration,desperate_-1.0,1,patient,9,0.3566370904445648
parse_duration,desperate_-1.0,1,patient,14,0.39976760745048523
parse_duration,desperate_-1.0,1,patient,18,0.48078709840774536
parse_duration,desperate_-1.0,1,confident,9,0.3105069696903229
parse_duration,desperate_-1.0,1,confident,14,0.3573310971260071
parse_duration,desperate_-1.0,1,confident,18,0.42953622341156006
parse_duration,desperate_-1.0,1,frustrated,9,0.35181206464767456
parse_duration,desperate_-1.0,1,frustrated,14,0.4005785584449768
parse_duration,desperate_-1.0,1,frustrated,18,0.47886714339256287
parse_duration,desperate_-1.0,1,desperate,9,0.34284287691116333
parse_duration,desperate_-1.0,1,desperate,14,0.3971766531467438
parse_duration,desperate_-1.0,1,desperate,18,0.4684644341468811
parse_duration,desperate_-1.0,1,stuck,9,0.34537217020988464
parse_duration,desperate_-1.0,1,stuck,14,0.3880189061164856
parse_duration,desperate_-1.0,1,stuck,18,0.4554412066936493
parse_duration,desperate_-1.0,1,stressed,9,0.33322080969810486
parse_duration,desperate_-1.0,1,stressed,14,0.36134347319602966
parse_duration,desperate_-1.0,1,stressed,18,0.4137606918811798
parse_duration,desperate_-1.0,2,calm,9,0.36741670966148376
parse_duration,desperate_-1.0,2,calm,14,0.40429726243019104
parse_duration,desperate_-1.0,2,calm,18,0.4654669761657715
parse_duration,desperate_-1.0,2,patient,9,0.37487339973449707
parse_duration,desperate_-1.0,2,patient,14,0.4132077991962433
parse_duration,desperate_-1.0,2,patient,18,0.49402934312820435
parse_duration,desperate_-1.0,2,confident,9,0.32854795455932617
parse_duration,desperate_-1.0,2,confident,14,0.369812935590744
parse_duration,desperate_-1.0,2,confident,18,0.4390559494495392
parse_duration,desperate_-1.0,2,frustrated,9,0.3715659976005554
parse_duration,desperate_-1.0,2,frustrated,14,0.4158175587654114
parse_duration,desperate_-1.0,2,frustrated,18,0.49050092697143555
parse_duration,desperate_-1.0,2,desperate,9,0.3624272346496582
parse_duration,desperate_-1.0,2,desperate,14,0.40950778126716614
parse_duration,desperate_-1.0,2,desperate,18,0.4803858995437622
parse_duration,desperate_-1.0,2,stuck,9,0.3621782064437866
parse_duration,desperate_-1.0,2,stuck,14,0.40018847584724426
parse_duration,desperate_-1.0,2,stuck,18,0.466397762298584
parse_duration,desperate_-1.0,2,stressed,9,0.34741830825805664
parse_duration,desperate_-1.0,2,stressed,14,0.36888599395751953
parse_duration,desperate_-1.0,2,stressed,18,0.41743385791778564
parse_duration,desperate_+1.0,0,calm,9,0.3134608268737793
parse_duration,desperate_+1.0,0,calm,14,0.3373112976551056
parse_duration,desperate_+1.0,0,calm,18,0.4100525379180908
parse_duration,desperate_+1.0,0,patient,9,0.31704992055892944
parse_duration,desperate_+1.0,0,patient,14,0.3406490087509155
parse_duration,desperate_+1.0,0,patient,18,0.4256235361099243
parse_duration,desperate_+1.0,0,confident,9,0.2789873480796814
parse_duration,desperate_+1.0,0,confident,14,0.2998209297657013
parse_duration,desperate_+1.0,0,confident,18,0.3753260672092438
parse_duration,desperate_+1.0,0,frustrated,9,0.31486067175865173
parse_duration,desperate_+1.0,0,frustrated,14,0.34073323011398315
parse_duration,desperate_+1.0,0,frustrated,18,0.4301522374153137
parse_duration,desperate_+1.0,0,desperate,9,0.3056412935256958
parse_duration,desperate_+1.0,0,desperate,14,0.3379826545715332
parse_duration,desperate_+1.0,0,desperate,18,0.41670405864715576
parse_duration,desperate_+1.0,0,stuck,9,0.3136598467826843
parse_duration,desperate_+1.0,0,stuck,14,0.32814186811447144
parse_duration,desperate_+1.0,0,stuck,18,0.4004802703857422
parse_duration,desperate_+1.0,0,stressed,9,0.3037571310997009
parse_duration,desperate_+1.0,0,stressed,14,0.30967459082603455
parse_duration,desperate_+1.0,0,stressed,18,0.36679771542549133
parse_duration,calm_-1.0,0,calm,9,0.3134608268737793
parse_duration,calm_-1.0,0,calm,14,0.3373112976551056
parse_duration,calm_-1.0,0,calm,18,0.4100525379180908
parse_duration,calm_-1.0,0,patient,9,0.31704992055892944
parse_duration,calm_-1.0,0,patient,14,0.3406490087509155
parse_duration,calm_-1.0,0,patient,18,0.4256235361099243
parse_duration,calm_-1.0,0,confident,9,0.2789873480796814
parse_duration,calm_-1.0,0,confident,14,0.2998209297657013
parse_duration,calm_-1.0,0,confident,18,0.3753260672092438
parse_duration,calm_-1.0,0,frustrated,9,0.31486067175865173
parse_duration,calm_-1.0,0,frustrated,14,0.34073323011398315
parse_duration,calm_-1.0,0,frustrated,18,0.4301522374153137
parse_duration,calm_-1.0,0,desperate,9,0.3056412935256958
parse_duration,calm_-1.0,0,desperate,14,0.3379826545715332
parse_duration,calm_-1.0,0,desperate,18,0.41670405864715576
parse_duration,calm_-1.0,0,stuck,9,0.3136598467826843
parse_duration,calm_-1.0,0,stuck,14,0.32814186811447144
parse_duration,calm_-1.0,0,stuck,18,0.4004802703857422
parse_duration,calm_-1.0,0,stressed,9,0.3037571310997009
parse_duration,calm_-1.0,0,stressed,14,0.30967459082603455
parse_duration,calm_-1.0,0,stressed,18,0.36679771542549133
parse_duration,calm_+1.0,0,calm,9,0.3134608268737793
parse_duration,calm_+1.0,0,calm,14,0.3373112976551056
parse_duration,calm_+1.0,0,calm,18,0.4100525379180908
parse_duration,calm_+1.0,0,patient,9,0.31704992055892944
parse_duration,calm_+1.0,0,patient,14,0.3406490087509155
parse_duration,calm_+1.0,0,patient,18,0.4256235361099243
parse_duration,calm_+1.0,0,confident,9,0.2789873480796814
parse_duration,calm_+1.0,0,confident,14,0.2998209297657013
parse_duration,calm_+1.0,0,confident,18,0.3753260672092438
parse_duration,calm_+1.0,0,frustrated,9,0.31486067175865173
parse_duration,calm_+1.0,0,frustrated,14,0.34073323011398315
parse_duration,calm_+1.0,0,frustrated,18,0.4301522374153137
parse_duration,calm_+1.0,0,desperate,9,0.3056412935256958
parse_duration,calm_+1.0,0,desperate,14,0.3379826545715332
parse_duration,calm_+1.0,0,desperate,18,0.41670405864715576
parse_duration,calm_+1.0,0,stuck,9,0.3136598467826843
parse_duration,calm_+1.0,0,stuck,14,0.32814186811447144
parse_duration,calm_+1.0,0,stuck,18,0.4004802703857422
parse_duration,calm_+1.0,0,stressed,9,0.3037571310997009
parse_duration,calm_+1.0,0,stressed,14,0.30967459082603455
parse_duration,calm_+1.0,0,stressed,18,0.36679771542549133
merge_intervals,baseline,0,calm,9,0.2870579957962036
merge_intervals,baseline,0,calm,14,0.33556634187698364
merge_intervals,baseline,0,calm,18,0.41226422786712646
merge_intervals,baseline,0,patient,9,0.2855249047279358
merge_intervals,baseline,0,patient,14,0.3517766296863556
merge_intervals,baseline,0,patient,18,0.4336661398410797
merge_intervals,baseline,0,confident,9,0.2634238302707672
merge_intervals,baseline,0,confident,14,0.3181304633617401
merge_intervals,baseline,0,confident,18,0.3912959098815918
merge_intervals,baseline,0,frustrated,9,0.2771925926208496
merge_intervals,baseline,0,frustrated,14,0.34712791442871094
merge_intervals,baseline,0,frustrated,18,0.43068554997444153
merge_intervals,baseline,0,desperate,9,0.27710622549057007
merge_intervals,baseline,0,desperate,14,0.34716862440109253
merge_intervals,baseline,0,desperate,18,0.42413026094436646
merge_intervals,baseline,0,stuck,9,0.29582080245018005
merge_intervals,baseline,0,stuck,14,0.35429632663726807
merge_intervals,baseline,0,stuck,18,0.4218869209289551
merge_intervals,baseline,0,stressed,9,0.2930692136287689
merge_intervals,baseline,0,stressed,14,0.32414036989212036
merge_intervals,baseline,0,stressed,18,0.3785304129123688
merge_intervals,baseline,1,calm,9,0.3326184153556824
merge_intervals,baseline,1,calm,14,0.39690423011779785
merge_intervals,baseline,1,calm,18,0.4629673957824707
merge_intervals,baseline,1,patient,9,0.33547842502593994
merge_intervals,baseline,1,patient,14,0.41333258152008057
merge_intervals,baseline,1,patient,18,0.4860263764858246
merge_intervals,baseline,1,confident,9,0.3053618371486664
merge_intervals,baseline,1,confident,14,0.3766575753688812
merge_intervals,baseline,1,confident,18,0.4386548101902008
merge_intervals,baseline,1,frustrated,9,0.32529860734939575
merge_intervals,baseline,1,frustrated,14,0.41055619716644287
merge_intervals,baseline,1,frustrated,18,0.4777909517288208
merge_intervals,baseline,1,desperate,9,0.3277009427547455
merge_intervals,baseline,1,desperate,14,0.4107610881328583
merge_intervals,baseline,1,desperate,18,0.47573691606521606
merge_intervals,baseline,1,stuck,9,0.3409254848957062
merge_intervals,baseline,1,stuck,14,0.4186737537384033
merge_intervals,baseline,1,stuck,18,0.47485411167144775
merge_intervals,baseline,1,stressed,9,0.334884375333786
merge_intervals,baseline,1,stressed,14,0.3794436752796173
merge_intervals,baseline,1,stressed,18,0.42390304803848267
merge_intervals,desperate_-1.0,0,calm,9,0.2870579957962036
merge_intervals,desperate_-1.0,0,calm,14,0.33556634187698364
merge_intervals,desperate_-1.0,0,calm,18,0.41226422786712646
merge_intervals,desperate_-1.0,0,patient,9,0.2855249047279358
merge_intervals,desperate_-1.0,0,patient,14,0.3517766296863556
merge_intervals,desperate_-1.0,0,patient,18,0.4336661398410797
merge_intervals,desperate_-1.0,0,confident,9,0.2634238302707672
merge_intervals,desperate_-1.0,0,confident,14,0.3181304633617401
merge_intervals,desperate_-1.0,0,confident,18,0.3912959098815918
merge_intervals,desperate_-1.0,0,frustrated,9,0.2771925926208496
merge_intervals,desperate_-1.0,0,frustrated,14,0.34712791442871094
merge_intervals,desperate_-1.0,0,frustrated,18,0.43068554997444153
merge_intervals,desperate_-1.0,0,desperate,9,0.27710622549057007
merge_intervals,desperate_-1.0,0,desperate,14,0.34716862440109253
merge_intervals,desperate_-1.0,0,desperate,18,0.42413026094436646
merge_intervals,desperate_-1.0,0,stuck,9,0.29582080245018005
merge_intervals,desperate_-1.0,0,stuck,14,0.35429632663726807
merge_intervals,desperate_-1.0,0,stuck,18,0.4218869209289551
merge_intervals,desperate_-1.0,0,stressed,9,0.2930692136287689
merge_intervals,desperate_-1.0,0,stressed,14,0.32414036989212036
merge_intervals,desperate_-1.0,0,stressed,18,0.3785304129123688
merge_intervals,desperate_-1.0,1,calm,9,0.3278857469558716
merge_intervals,desperate_-1.0,1,calm,14,0.3960739076137543
merge_intervals,desperate_-1.0,1,calm,18,0.46287795901298523
merge_intervals,desperate_-1.0,1,patient,9,0.32922419905662537
merge_intervals,desperate_-1.0,1,patient,14,0.409727543592453
merge_intervals,desperate_-1.0,1,patient,18,0.4830247759819031
merge_intervals,desperate_-1.0,1,confident,9,0.29858383536338806
merge_intervals,desperate_-1.0,1,confident,14,0.3736116886138916
merge_intervals,desperate_-1.0,1,confident,18,0.4351370632648468
merge_intervals,desperate_-1.0,1,frustrated,9,0.31710466742515564
merge_intervals,desperate_-1.0,1,frustrated,14,0.40448257327079773
merge_intervals,desperate_-1.0,1,frustrated,18,0.4716600179672241
merge_intervals,desperate_-1.0,1,desperate,9,0.32060086727142334
merge_intervals,desperate_-1.0,1,desperate,14,0.40647703409194946
merge_intervals,desperate_-1.0,1,desperate,18,0.4715357720851898
merge_intervals,desperate_-1.0,1,stuck,9,0.3314645290374756
merge_intervals,desperate_-1.0,1,stuck,14,0.413872629404068
merge_intervals,desperate_-1.0,1,stuck,18,0.47062838077545166
merge_intervals,desperate_-1.0,1,stressed,9,0.33035361766815186
merge_intervals,desperate_-1.0,1,stressed,14,0.3786082863807678
merge_intervals,desperate_-1.0,1,stressed,18,0.42373520135879517
merge_intervals,desperate_-1.0,2,calm,9,0.3539503812789917
merge_intervals,desperate_-1.0,2,calm,14,0.4094817340373993
merge_intervals,desperate_-1.0,2,calm,18,0.4692848324775696
merge_intervals,desperate_-1.0,2,patient,9,0.3549286127090454
merge_intervals,desperate_-1.0,2,patient,14,0.4219492971897125
merge_intervals,desperate_-1.0,2,patient,18,0.4932320713996887
merge_intervals,desperate_-1.0,2,confident,9,0.32261550426483154
merge_intervals,desperate_-1.0,2,confident,14,0.3836356997489929
merge_intervals,desperate_-1.0,2,confident,18,0.4403698146343231
merge_intervals,desperate_-1.0,2,frustrated,9,0.3444352447986603
merge_intervals,desperate_-1.0,2,frustrated,14,0.419841468334198
merge_intervals,desperate_-1.0,2,frustrated,18,0.4816403388977051
merge_intervals,desperate_-1.0,2,desperate,9,0.34856289625167847
merge_intervals,desperate_-1.0,2,desperate,14,0.4188239276409149
merge_intervals,desperate_-1.0,2,desperate,18,0.4803300201892853
merge_intervals,desperate_-1.0,2,stuck,9,0.35519713163375854
merge_intervals,desperate_-1.0,2,stuck,14,0.4233078956604004
merge_intervals,desperate_-1.0,2,stuck,18,0.47579798102378845
merge_intervals,desperate_-1.0,2,stressed,9,0.3513287305831909
merge_intervals,desperate_-1.0,2,stressed,14,0.3872314691543579
merge_intervals,desperate_-1.0,2,stressed,18,0.4257042407989502
merge_intervals,desperate_+1.0,0,calm,9,0.2870579957962036
merge_intervals,desperate_+1.0,0,calm,14,0.33556634187698364
merge_intervals,desperate_+1.0,0,calm,18,0.41226422786712646
merge_intervals,desperate_+1.0,0,patient,9,0.2855249047279358
merge_intervals,desperate_+1.0,0,patient,14,0.3517766296863556
merge_intervals,desperate_+1.0,0,patient,18,0.4336661398410797
merge_intervals,desperate_+1.0,0,confident,9,0.2634238302707672
merge_intervals,desperate_+1.0,0,confident,14,0.3181304633617401
merge_intervals,desperate_+1.0,0,confident,18,0.3912959098815918
merge_intervals,desperate_+1.0,0,frustrated,9,0.2771925926208496
merge_intervals,desperate_+1.0,0,frustrated,14,0.34712791442871094
merge_intervals,desperate_+1.0,0,frustrated,18,0.43068554997444153
merge_intervals,desperate_+1.0,0,desperate,9,0.27710622549057007
merge_intervals,desperate_+1.0,0,desperate,14,0.34716862440109253
merge_intervals,desperate_+1.0,0,desperate,18,0.42413026094436646
merge_intervals,desperate_+1.0,0,stuck,9,0.29582080245018005
merge_intervals,desperate_+1.0,0,stuck,14,0.35429632663726807
merge_intervals,desperate_+1.0,0,stuck,18,0.4218869209289551
merge_intervals,desperate_+1.0,0,stressed,9,0.2930692136287689
merge_intervals,desperate_+1.0,0,stressed,14,0.32414036989212036
merge_intervals,desperate_+1.0,0,stressed,18,0.3785304129123688
merge_intervals,desperate_+1.0,1,calm,9,0.3326184153556824
merge_intervals,desperate_+1.0,1,calm,14,0.39690423011779785
merge_intervals,desperate_+1.0,1,calm,18,0.4629673957824707
merge_intervals,desperate_+1.0,1,patient,9,0.33547842502593994
merge_intervals,desperate_+1.0,1,patient,14,0.41333258152008057
merge_intervals,desperate_+1.0,1,patient,18,0.4860263764858246
merge_intervals,desperate_+1.0,1,confident,9,0.3053618371486664
merge_intervals,desperate_+1.0,1,confident,14,0.3766575753688812
merge_intervals,desperate_+1.0,1,confident,18,0.4386548101902008
merge_intervals,desperate_+1.0,1,frustrated,9,0.32529860734939575
merge_intervals,desperate_+1.0,1,frustrated,14,0.41055619716644287
merge_intervals,desperate_+1.0,1,frustrated,18,0.4777909517288208
merge_intervals,desperate_+1.0,1,desperate,9,0.3277009427547455
merge_intervals,desperate_+1.0,1,desperate,14,0.4107610881328583
merge_intervals,desperate_+1.0,1,desperate,18,0.47573691606521606
merge_intervals,desperate_+1.0,1,stuck,9,0.3409254848957062
merge_intervals,desperate_+1.0,1,stuck,14,0.4186737537384033
merge_intervals,desperate_+1.0,1,stuck,18,0.47485411167144775
merge_intervals,desperate_+1.0,1,stressed,9,0.334884375333786
merge_intervals,desperate_+1.0,1,stressed,14,0.3794436752796173
merge_intervals,desperate_+1.0,1,stressed,18,0.42390304803848267
merge_intervals,calm_-1.0,0,calm,9,0.2870579957962036
merge_intervals,calm_-1.0,0,calm,14,0.33556634187698364
merge_intervals,calm_-1.0,0,calm,18,0.41226422786712646
merge_intervals,calm_-1.0,0,patient,9,0.2855249047279358
merge_intervals,calm_-1.0,0,patient,14,0.3517766296863556
merge_intervals,calm_-1.0,0,patient,18,0.4336661398410797
merge_intervals,calm_-1.0,0,confident,9,0.2634238302707672
merge_intervals,calm_-1.0,0,confident,14,0.3181304633617401
merge_intervals,calm_-1.0,0,confident,18,0.3912959098815918
merge_intervals,calm_-1.0,0,frustrated,9,0.2771925926208496
merge_intervals,calm_-1.0,0,frustrated,14,0.34712791442871094
merge_intervals,calm_-1.0,0,frustrated,18,0.43068554997444153
merge_intervals,calm_-1.0,0,desperate,9,0.27710622549057007
merge_intervals,calm_-1.0,0,desperate,14,0.34716862440109253
merge_intervals,calm_-1.0,0,desperate,18,0.42413026094436646
merge_intervals,calm_-1.0,0,stuck,9,0.29582080245018005
merge_intervals,calm_-1.0,0,stuck,14,0.35429632663726807
merge_intervals,calm_-1.0,0,stuck,18,0.4218869209289551
merge_intervals,calm_-1.0,0,stressed,9,0.2930692136287689
merge_intervals,calm_-1.0,0,stressed,14,0.32414036989212036
merge_intervals,calm_-1.0,0,stressed,18,0.3785304129123688
merge_intervals,calm_-1.0,1,calm,9,0.3278857469558716
merge_intervals,calm_-1.0,1,calm,14,0.3960739076137543
merge_intervals,calm_-1.0,1,calm,18,0.46287795901298523
merge_intervals,calm_-1.0,1,patient,9,0.32922419905662537
merge_intervals,calm_-1.0,1,patient,14,0.409727543592453
merge_intervals,calm_-1.0,1,patient,18,0.4830247759819031
merge_intervals,calm_-1.0,1,confident,9,0.29858383536338806
merge_intervals,calm_-1.0,1,confident,14,0.3736116886138916
merge_intervals,calm_-1.0,1,confident,18,0.4351370632648468
merge_intervals,calm_-1.0,1,frustrated,9,0.31710466742515564
merge_intervals,calm_-1.0,1,frustrated,14,0.40448257327079773
merge_intervals,calm_-1.0,1,frustrated,18,0.4716600179672241
merge_intervals,calm_-1.0,1,desperate,9,0.32060086727142334
merge_intervals,calm_-1.0,1,desperate,14,0.40647703409194946
merge_intervals,calm_-1.0,1,desperate,18,0.4715357720851898
merge_intervals,calm_-1.0,1,stuck,9,0.3314645290374756
merge_intervals,calm_-1.0,1,stuck,14,0.413872629404068
merge_intervals,calm_-1.0,1,stuck,18,0.47062838077545166
merge_intervals,calm_-1.0,1,stressed,9,0.33035361766815186
merge_intervals,calm_-1.0,1,stressed,14,0.3786082863807678
merge_intervals,calm_-1.0,1,stressed,18,0.42373520135879517
merge_intervals,calm_-1.0,2,calm,9,0.3539503812789917
merge_intervals,calm_-1.0,2,calm,14,0.4094817340373993
merge_intervals,calm_-1.0,2,calm,18,0.4692848324775696
merge_intervals,calm_-1.0,2,patient,9,0.3549286127090454
merge_intervals,calm_-1.0,2,patient,14,0.4219492971897125
merge_intervals,calm_-1.0,2,patient,18,0.4932320713996887
merge_intervals,calm_-1.0,2,confident,9,0.32261550426483154
merge_intervals,calm_-1.0,2,confident,14,0.3836356997489929
merge_intervals,calm_-1.0,2,confident,18,0.4403698146343231
merge_intervals,calm_-1.0,2,frustrated,9,0.3444352447986603
merge_intervals,calm_-1.0,2,frustrated,14,0.419841468334198
merge_intervals,calm_-1.0,2,frustrated,18,0.4816403388977051
merge_intervals,calm_-1.0,2,desperate,9,0.34856289625167847
merge_intervals,calm_-1.0,2,desperate,14,0.4188239276409149
merge_intervals,calm_-1.0,2,desperate,18,0.4803300201892853
merge_intervals,calm_-1.0,2,stuck,9,0.35519713163375854
merge_intervals,calm_-1.0,2,stuck,14,0.4233078956604004
merge_intervals,calm_-1.0,2,stuck,18,0.47579798102378845
merge_intervals,calm_-1.0,2,stressed,9,0.3513287305831909
merge_intervals,calm_-1.0,2,stressed,14,0.3872314691543579
merge_intervals,calm_-1.0,2,stressed,18,0.4257042407989502
merge_intervals,calm_+1.0,0,calm,9,0.2870579957962036
merge_intervals,calm_+1.0,0,calm,14,0.33556634187698364
merge_intervals,calm_+1.0,0,calm,18,0.41226422786712646
merge_intervals,calm_+1.0,0,patient,9,0.2855249047279358
merge_intervals,calm_+1.0,0,patient,14,0.3517766296863556
merge_intervals,calm_+1.0,0,patient,18,0.4336661398410797
merge_intervals,calm_+1.0,0,confident,9,0.2634238302707672
merge_intervals,calm_+1.0,0,confident,14,0.3181304633617401
merge_intervals,calm_+1.0,0,confident,18,0.3912959098815918
merge_intervals,calm_+1.0,0,frustrated,9,0.2771925926208496
merge_intervals,calm_+1.0,0,frustrated,14,0.34712791442871094
merge_intervals,calm_+1.0,0,frustrated,18,0.43068554997444153
merge_intervals,calm_+1.0,0,desperate,9,0.27710622549057007
merge_intervals,calm_+1.0,0,desperate,14,0.34716862440109253
merge_intervals,calm_+1.0,0,desperate,18,0.42413026094436646
merge_intervals,calm_+1.0,0,stuck,9,0.29582080245018005
merge_intervals,calm_+1.0,0,stuck,14,0.35429632663726807
merge_intervals,calm_+1.0,0,stuck,18,0.4218869209289551
merge_intervals,calm_+1.0,0,stressed,9,0.2930692136287689
merge_intervals,calm_+1.0,0,stressed,14,0.32414036989212036
merge_intervals,calm_+1.0,0,stressed,18,0.3785304129123688
merge_intervals,calm_+1.0,1,calm,9,0.3326184153556824
merge_intervals,calm_+1.0,1,calm,14,0.39690423011779785
merge_intervals,calm_+1.0,1,calm,18,0.4629673957824707
merge_intervals,calm_+1.0,1,patient,9,0.33547842502593994
merge_intervals,calm_+1.0,1,patient,14,0.41333258152008057
merge_intervals,calm_+1.0,1,patient,18,0.4860263764858246
merge_intervals,calm_+1.0,1,confident,9,0.3053618371486664
merge_intervals,calm_+1.0,1,confident,14,0.3766575753688812
merge_intervals,calm_+1.0,1,confident,18,0.4386548101902008
merge_intervals,calm_+1.0,1,frustrated,9,0.32529860734939575
merge_intervals,calm_+1.0,1,frustrated,14,0.41055619716644287
merge_intervals,calm_+1.0,1,frustrated,18,0.4777909517288208
merge_intervals,calm_+1.0,1,desperate,9,0.3277009427547455
merge_intervals,calm_+1.0,1,desperate,14,0.4107610881328583
merge_intervals,calm_+1.0,1,desperate,18,0.47573691606521606
merge_intervals,calm_+1.0,1,stuck,9,0.3409254848957062
merge_intervals,calm_+1.0,1,stuck,14,0.4186737537384033
merge_intervals,calm_+1.0,1,stuck,18,0.47485411167144775
merge_intervals,calm_+1.0,1,stressed,9,0.334884375333786
merge_intervals,calm_+1.0,1,stressed,14,0.3794436752796173
merge_intervals,calm_+1.0,1,stressed,18,0.42390304803848267
stable_top_words,baseline,0,calm,9,0.34483975172042847
stable_top_words,baseline,0,calm,14,0.36421456933021545
stable_top_words,baseline,0,calm,18,0.43015265464782715
stable_top_words,baseline,0,patient,9,0.3503018915653229
stable_top_words,baseline,0,patient,14,0.3721888065338135
stable_top_words,baseline,0,patient,18,0.44853001832962036
stable_top_words,baseline,0,confident,9,0.31595149636268616
stable_top_words,baseline,0,confident,14,0.33348220586776733
stable_top_words,baseline,0,confident,18,0.40189558267593384
stable_top_words,baseline,0,frustrated,9,0.33998608589172363
stable_top_words,baseline,0,frustrated,14,0.3709038197994232
stable_top_words,baseline,0,frustrated,18,0.449412077665329
stable_top_words,baseline,0,desperate,9,0.32657888531684875
stable_top_words,baseline,0,desperate,14,0.3619241416454315
stable_top_words,baseline,0,desperate,18,0.43868765234947205
stable_top_words,baseline,0,stuck,9,0.34750622510910034
stable_top_words,baseline,0,stuck,14,0.3683236837387085
stable_top_words,baseline,0,stuck,18,0.43168577551841736
stable_top_words,baseline,0,stressed,9,0.32960858941078186
stable_top_words,baseline,0,stressed,14,0.3393009603023529
stable_top_words,baseline,0,stressed,18,0.3921496272087097
stable_top_words,baseline,1,calm,9,0.3647440969944
stable_top_words,baseline,1,calm,14,0.40234678983688354
stable_top_words,baseline,1,calm,18,0.4651472866535187
stable_top_words,baseline,1,patient,9,0.3742407262325287
stable_top_words,baseline,1,patient,14,0.41365036368370056
stable_top_words,baseline,1,patient,18,0.4871974289417267
stable_top_words,baseline,1,confident,9,0.33657872676849365
stable_top_words,baseline,1,confident,14,0.37617987394332886
stable_top_words,baseline,1,confident,18,0.4424927234649658
stable_top_words,baseline,1,frustrated,9,0.36341914534568787
stable_top_words,baseline,1,frustrated,14,0.4167040288448334
stable_top_words,baseline,1,frustrated,18,0.4892083406448364
stable_top_words,baseline,1,desperate,9,0.3531009554862976
stable_top_words,baseline,1,desperate,14,0.4057199954986572
stable_top_words,baseline,1,desperate,18,0.4763491153717041
stable_top_words,baseline,1,stuck,9,0.37002575397491455
stable_top_words,baseline,1,stuck,14,0.40953028202056885
stable_top_words,baseline,1,stuck,18,0.4703170955181122
stable_top_words,baseline,1,stressed,9,0.34916505217552185
stable_top_words,baseline,1,stressed,14,0.37415632605552673
stable_top_words,baseline,1,stressed,18,0.42369017004966736
stable_top_words,baseline,2,calm,9,0.3731510043144226
stable_top_words,baseline,2,calm,14,0.40992075204849243
stable_top_words,baseline,2,calm,18,0.46539008617401123
stable_top_words,baseline,2,patient,9,0.3832431137561798
stable_top_words,baseline,2,patient,14,0.4226081073284149
stable_top_words,baseline,2,patient,18,0.4920927882194519
stable_top_words,baseline,2,confident,9,0.34410449862480164
stable_top_words,baseline,2,confident,14,0.38394904136657715
stable_top_words,baseline,2,confident,18,0.44387286901474
stable_top_words,baseline,2,frustrated,9,0.374807745218277
stable_top_words,baseline,2,frustrated,14,0.4297603666782379
stable_top_words,baseline,2,frustrated,18,0.49490681290626526
stable_top_words,baseline,2,desperate,9,0.36396273970603943
stable_top_words,baseline,2,desperate,14,0.41500478982925415
stable_top_words,baseline,2,desperate,18,0.4796258509159088
stable_top_words,baseline,2,stuck,9,0.37811392545700073
stable_top_words,baseline,2,stuck,14,0.4173627197742462
stable_top_words,baseline,2,stuck,18,0.4715609550476074
stable_top_words,baseline,2,stressed,9,0.3548130393028259
stable_top_words,baseline,2,stressed,14,0.37827375531196594
stable_top_words,baseline,2,stressed,18,0.41944992542266846
stable_top_words,desperate_-1.0,0,calm,9,0.34483975172042847
stable_top_words,desperate_-1.0,0,calm,14,0.36421456933021545
stable_top_words,desperate_-1.0,0,calm,18,0.43015265464782715
stable_top_words,desperate_-1.0,0,patient,9,0.3503018915653229
stable_top_words,desperate_-1.0,0,patient,14,0.3721888065338135
stable_top_words,desperate_-1.0,0,patient,18,0.44853001832962036
stable_top_words,desperate_-1.0,0,confident,9,0.31595149636268616
stable_top_words,desperate_-1.0,0,confident,14,0.33348220586776733
stable_top_words,desperate_-1.0,0,confident,18,0.40189558267593384
stable_top_words,desperate_-1.0,0,frustrated,9,0.33998608589172363
stable_top_words,desperate_-1.0,0,frustrated,14,0.3709038197994232
stable_top_words,desperate_-1.0,0,frustrated,18,0.449412077665329
stable_top_words,desperate_-1.0,0,desperate,9,0.32657888531684875
stable_top_words,desperate_-1.0,0,desperate,14,0.3619241416454315
stable_top_words,desperate_-1.0,0,desperate,18,0.43868765234947205
stable_top_words,desperate_-1.0,0,stuck,9,0.34750622510910034
stable_top_words,desperate_-1.0,0,stuck,14,0.3683236837387085
stable_top_words,desperate_-1.0,0,stuck,18,0.43168577551841736
stable_top_words,desperate_-1.0,0,stressed,9,0.32960858941078186
stable_top_words,desperate_-1.0,0,stressed,14,0.3393009603023529
stable_top_words,desperate_-1.0,0,stressed,18,0.3921496272087097
stable_top_words,desperate_-1.0,1,calm,9,0.3762567341327667
stable_top_words,desperate_-1.0,1,calm,14,0.40597668290138245
stable_top_words,desperate_-1.0,1,calm,18,0.4672730565071106
stable_top_words,desperate_-1.0,1,patient,9,0.3890829384326935
stable_top_words,desperate_-1.0,1,patient,14,0.4199989140033722
stable_top_words,desperate_-1.0,1,patient,18,0.4922012984752655
stable_top_words,desperate_-1.0,1,confident,9,0.34958478808403015
stable_top_words,desperate_-1.0,1,confident,14,0.38259610533714294
stable_top_words,desperate_-1.0,1,confident,18,0.44833821058273315
stable_top_words,desperate_-1.0,1,frustrated,9,0.379621684551239
stable_top_words,desperate_-1.0,1,frustrated,14,0.4260491132736206
stable_top_words,desperate_-1.0,1,frustrated,18,0.496795117855072
stable_top_words,desperate_-1.0,1,desperate,9,0.3667221963405609
stable_top_words,desperate_-1.0,1,desperate,14,0.4113842248916626
stable_top_words,desperate_-1.0,1,desperate,18,0.4811445474624634
stable_top_words,desperate_-1.0,1,stuck,9,0.38702452182769775
stable_top_words,desperate_-1.0,1,stuck,14,0.4171442985534668
stable_top_words,desperate_-1.0,1,stuck,18,0.475548654794693
stable_top_words,desperate_-1.0,1,stressed,9,0.36212974786758423
stable_top_words,desperate_-1.0,1,stressed,14,0.3776049315929413
stable_top_words,desperate_-1.0,1,stressed,18,0.42570510506629944
stable_top_words,desperate_-1.0,2,calm,9,0.38838568329811096
stable_top_words,desperate_-1.0,2,calm,14,0.4157905876636505
stable_top_words,desperate_-1.0,2,calm,18,0.4705493152141571
stable_top_words,desperate_-1.0,2,patient,9,0.4027743339538574
stable_top_words,desperate_-1.0,2,patient,14,0.432328462600708
stable_top_words,desperate_-1.0,2,patient,18,0.501916229724884
stable_top_words,desperate_-1.0,2,confident,9,0.36199650168418884
stable_top_words,desperate_-1.0,2,confident,14,0.3930278718471527
stable_top_words,desperate_-1.0,2,confident,18,0.4538872241973877
stable_top_words,desperate_-1.0,2,frustrated,9,0.3962050974369049
stable_top_words,desperate_-1.0,2,frustrated,14,0.4423949122428894
stable_top_words,desperate_-1.0,2,frustrated,18,0.5068318843841553
stable_top_words,desperate_-1.0,2,desperate,9,0.3830856680870056
stable_top_words,desperate_-1.0,2,desperate,14,0.4245171546936035
stable_top_words,desperate_-1.0,2,desperate,18,0.49020060896873474
stable_top_words,desperate_-1.0,2,stuck,9,0.40029776096343994
stable_top_words,desperate_-1.0,2,stuck,14,0.4275134205818176
stable_top_words,desperate_-1.0,2,stuck,18,0.4815889000892639
stable_top_words,desperate_-1.0,2,stressed,9,0.37225645780563354
stable_top_words,desperate_-1.0,2,stressed,14,0.3843526542186737
stable_top_words,desperate_-1.0,2,stressed,18,0.4259384572505951
stable_top_words,desperate_+1.0,0,calm,9,0.34483975172042847
stable_top_words,desperate_+1.0,0,calm,14,0.36421456933021545
stable_top_words,desperate_+1.0,0,calm,18,0.43015265464782715
stable_top_words,desperate_+1.0,0,patient,9,0.3503018915653229
stable_top_words,desperate_+1.0,0,patient,14,0.3721888065338135
stable_top_words,desperate_+1.0,0,patient,18,0.44853001832962036
stable_top_words,desperate_+1.0,0,confident,9,0.31595149636268616
stable_top_words,desperate_+1.0,0,confident,14,0.33348220586776733
stable_top_words,desperate_+1.0,0,confident,18,0.40189558267593384
stable_top_words,desperate_+1.0,0,frustrated,9,0.33998608589172363
stable_top_words,desperate_+1.0,0,frustrated,14,0.3709038197994232
stable_top_words,desperate_+1.0,0,frustrated,18,0.449412077665329
stable_top_words,desperate_+1.0,0,desperate,9,0.32657888531684875
stable_top_words,desperate_+1.0,0,desperate,14,0.3619241416454315
stable_top_words,desperate_+1.0,0,desperate,18,0.43868765234947205
stable_top_words,desperate_+1.0,0,stuck,9,0.34750622510910034
stable_top_words,desperate_+1.0,0,stuck,14,0.3683236837387085
stable_top_words,desperate_+1.0,0,stuck,18,0.43168577551841736
stable_top_words,desperate_+1.0,0,stressed,9,0.32960858941078186
stable_top_words,desperate_+1.0,0,stressed,14,0.3393009603023529
stable_top_words,desperate_+1.0,0,stressed,18,0.3921496272087097
stable_top_words,desperate_+1.0,1,calm,9,0.3668307960033417
stable_top_words,desperate_+1.0,1,calm,14,0.40344884991645813
stable_top_words,desperate_+1.0,1,calm,18,0.4654638469219208
stable_top_words,desperate_+1.0,1,patient,9,0.3767493963241577
stable_top_words,desperate_+1.0,1,patient,14,0.4151400923728943
stable_top_words,desperate_+1.0,1,patient,18,0.4877654016017914
stable_top_words,desperate_+1.0,1,confident,9,0.33923089504241943
stable_top_words,desperate_+1.0,1,confident,14,0.3775460422039032
stable_top_words,desperate_+1.0,1,confident,18,0.4428463876247406
stable_top_words,desperate_+1.0,1,frustrated,9,0.36587774753570557
stable_top_words,desperate_+1.0,1,frustrated,14,0.41806715726852417
stable_top_words,desperate_+1.0,1,frustrated,18,0.4897133708000183
stable_top_words,desperate_+1.0,1,desperate,9,0.355660080909729
stable_top_words,desperate_+1.0,1,desperate,14,0.4071420729160309
stable_top_words,desperate_+1.0,1,desperate,18,0.47685506939888
stable_top_words,desperate_+1.0,1,stuck,9,0.3730863928794861
stable_top_words,desperate_+1.0,1,stuck,14,0.4110746383666992
stable_top_words,desperate_+1.0,1,stuck,18,0.4709303677082062
stable_top_words,desperate_+1.0,1,stressed,9,0.3516344428062439
stable_top_words,desperate_+1.0,1,stressed,14,0.37521183490753174
stable_top_words,desperate_+1.0,1,stressed,18,0.4238817095756531
stable_top_words,desperate_+1.0,2,calm,9,0.38154077529907227
stable_top_words,desperate_+1.0,2,calm,14,0.4141453504562378
stable_top_words,desperate_+1.0,2,calm,18,0.4690987765789032
stable_top_words,desperate_+1.0,2,patient,9,0.39185672998428345
stable_top_words,desperate_+1.0,2,patient,14,0.42687395215034485
stable_top_words,desperate_+1.0,2,patient,18,0.49640557169914246
stable_top_words,desperate_+1.0,2,confident,9,0.35392338037490845
stable_top_words,desperate_+1.0,2,confident,14,0.3880470097064972
stable_top_words,desperate_+1.0,2,confident,18,0.4469493329524994
stable_top_words,desperate_+1.0,2,frustrated,9,0.38262104988098145
stable_top_words,desperate_+1.0,2,frustrated,14,0.43271514773368835
stable_top_words,desperate_+1.0,2,frustrated,18,0.49715152382850647
stable_top_words,desperate_+1.0,2,desperate,9,0.3747146725654602
stable_top_words,desperate_+1.0,2,desperate,14,0.42029502987861633
stable_top_words,desperate_+1.0,2,desperate,18,0.4849390685558319
stable_top_words,desperate_+1.0,2,stuck,9,0.3875903785228729
stable_top_words,desperate_+1.0,2,stuck,14,0.4205580949783325
stable_top_words,desperate_+1.0,2,stuck,18,0.4761005938053131
stable_top_words,desperate_+1.0,2,stressed,9,0.3641568422317505
stable_top_words,desperate_+1.0,2,stressed,14,0.3830634355545044
stable_top_words,desperate_+1.0,2,stressed,18,0.4240226745605469
stable_top_words,calm_-1.0,0,calm,9,0.34483975172042847
stable_top_words,calm_-1.0,0,calm,14,0.36421456933021545
stable_top_words,calm_-1.0,0,calm,18,0.43015265464782715
stable_top_words,calm_-1.0,0,patient,9,0.3503018915653229
stable_top_words,calm_-1.0,0,patient,14,0.3721888065338135
stable_top_words,calm_-1.0,0,patient,18,0.44853001832962036
stable_top_words,calm_-1.0,0,confident,9,0.31595149636268616
stable_top_words,calm_-1.0,0,confident,14,0.33348220586776733
stable_top_words,calm_-1.0,0,confident,18,0.40189558267593384
stable_top_words,calm_-1.0,0,frustrated,9,0.33998608589172363
stable_top_words,calm_-1.0,0,frustrated,14,0.3709038197994232
stable_top_words,calm_-1.0,0,frustrated,18,0.449412077665329
stable_top_words,calm_-1.0,0,desperate,9,0.32657888531684875
stable_top_words,calm_-1.0,0,desperate,14,0.3619241416454315
stable_top_words,calm_-1.0,0,desperate,18,0.43868765234947205
stable_top_words,calm_-1.0,0,stuck,9,0.34750622510910034
stable_top_words,calm_-1.0,0,stuck,14,0.3683236837387085
stable_top_words,calm_-1.0,0,stuck,18,0.43168577551841736
stable_top_words,calm_-1.0,0,stressed,9,0.32960858941078186
stable_top_words,calm_-1.0,0,stressed,14,0.3393009603023529
stable_top_words,calm_-1.0,0,stressed,18,0.3921496272087097
stable_top_words,calm_-1.0,1,calm,9,0.3762567341327667
stable_top_words,calm_-1.0,1,calm,14,0.40597668290138245
stable_top_words,calm_-1.0,1,calm,18,0.4672730565071106
stable_top_words,calm_-1.0,1,patient,9,0.3890829384326935
stable_top_words,calm_-1.0,1,patient,14,0.4199989140033722
stable_top_words,calm_-1.0,1,patient,18,0.4922012984752655
stable_top_words,calm_-1.0,1,confident,9,0.34958478808403015
stable_top_words,calm_-1.0,1,confident,14,0.38259610533714294
stable_top_words,calm_-1.0,1,confident,18,0.44833821058273315
stable_top_words,calm_-1.0,1,frustrated,9,0.379621684551239
stable_top_words,calm_-1.0,1,frustrated,14,0.4260491132736206
stable_top_words,calm_-1.0,1,frustrated,18,0.496795117855072
stable_top_words,calm_-1.0,1,desperate,9,0.3667221963405609
stable_top_words,calm_-1.0,1,desperate,14,0.4113842248916626
stable_top_words,calm_-1.0,1,desperate,18,0.4811445474624634
stable_top_words,calm_-1.0,1,stuck,9,0.38702452182769775
stable_top_words,calm_-1.0,1,stuck,14,0.4171442985534668
stable_top_words,calm_-1.0,1,stuck,18,0.475548654794693
stable_top_words,calm_-1.0,1,stressed,9,0.36212974786758423
stable_top_words,calm_-1.0,1,stressed,14,0.3776049315929413
stable_top_words,calm_-1.0,1,stressed,18,0.42570510506629944
stable_top_words,calm_-1.0,2,calm,9,0.38838568329811096
stable_top_words,calm_-1.0,2,calm,14,0.4157905876636505
stable_top_words,calm_-1.0,2,calm,18,0.4705493152141571
stable_top_words,calm_-1.0,2,patient,9,0.4027743339538574
stable_top_words,calm_-1.0,2,patient,14,0.432328462600708
stable_top_words,calm_-1.0,2,patient,18,0.501916229724884
stable_top_words,calm_-1.0,2,confident,9,0.36199650168418884
stable_top_words,calm_-1.0,2,confident,14,0.3930278718471527
stable_top_words,calm_-1.0,2,confident,18,0.4538872241973877
stable_top_words,calm_-1.0,2,frustrated,9,0.3962050974369049
stable_top_words,calm_-1.0,2,frustrated,14,0.4423949122428894
stable_top_words,calm_-1.0,2,frustrated,18,0.5068318843841553
stable_top_words,calm_-1.0,2,desperate,9,0.3830856680870056
stable_top_words,calm_-1.0,2,desperate,14,0.4245171546936035
stable_top_words,calm_-1.0,2,desperate,18,0.49020060896873474
stable_top_words,calm_-1.0,2,stuck,9,0.40029776096343994
stable_top_words,calm_-1.0,2,stuck,14,0.4275134205818176
stable_top_words,calm_-1.0,2,stuck,18,0.4815889000892639
stable_top_words,calm_-1.0,2,stressed,9,0.37225645780563354
stable_top_words,calm_-1.0,2,stressed,14,0.3843526542186737
stable_top_words,calm_-1.0,2,stressed,18,0.4259384572505951
stable_top_words,calm_+1.0,0,calm,9,0.34483975172042847
stable_top_words,calm_+1.0,0,calm,14,0.36421456933021545
stable_top_words,calm_+1.0,0,calm,18,0.43015265464782715
stable_top_words,calm_+1.0,0,patient,9,0.3503018915653229
stable_top_words,calm_+1.0,0,patient,14,0.3721888065338135
stable_top_words,calm_+1.0,0,patient,18,0.44853001832962036
stable_top_words,calm_+1.0,0,confident,9,0.31595149636268616
stable_top_words,calm_+1.0,0,confident,14,0.33348220586776733
stable_top_words,calm_+1.0,0,confident,18,0.40189558267593384
stable_top_words,calm_+1.0,0,frustrated,9,0.33998608589172363
stable_top_words,calm_+1.0,0,frustrated,14,0.3709038197994232
stable_top_words,calm_+1.0,0,frustrated,18,0.449412077665329
stable_top_words,calm_+1.0,0,desperate,9,0.32657888531684875
stable_top_words,calm_+1.0,0,desperate,14,0.3619241416454315
stable_top_words,calm_+1.0,0,desperate,18,0.43868765234947205
stable_top_words,calm_+1.0,0,stuck,9,0.34750622510910034
stable_top_words,calm_+1.0,0,stuck,14,0.3683236837387085
stable_top_words,calm_+1.0,0,stuck,18,0.43168577551841736
stable_top_words,calm_+1.0,0,stressed,9,0.32960858941078186
stable_top_words,calm_+1.0,0,stressed,14,0.3393009603023529
stable_top_words,calm_+1.0,0,stressed,18,0.3921496272087097
stable_top_words,calm_+1.0,1,calm,9,0.3635891079902649
stable_top_words,calm_+1.0,1,calm,14,0.4017370343208313
stable_top_words,calm_+1.0,1,calm,18,0.4648091495037079
stable_top_words,calm_+1.0,1,patient,9,0.37388157844543457
stable_top_words,calm_+1.0,1,patient,14,0.4128553867340088
stable_top_words,calm_+1.0,1,patient,18,0.4867400825023651
stable_top_words,calm_+1.0,1,confident,9,0.3367592990398407
stable_top_words,calm_+1.0,1,confident,14,0.3769843876361847
stable_top_words,calm_+1.0,1,confident,18,0.44347724318504333
stable_top_words,calm_+1.0,1,frustrated,9,0.3636435866355896
stable_top_words,calm_+1.0,1,frustrated,14,0.41695836186408997
stable_top_words,calm_+1.0,1,frustrated,18,0.48972854018211365
stable_top_words,calm_+1.0,1,desperate,9,0.35386544466018677
stable_top_words,calm_+1.0,1,desperate,14,0.4064524173736572
stable_top_words,calm_+1.0,1,desperate,18,0.4770420491695404
stable_top_words,calm_+1.0,1,stuck,9,0.3706165552139282
stable_top_words,calm_+1.0,1,stuck,14,0.41019800305366516
stable_top_words,calm_+1.0,1,stuck,18,0.4708763062953949
stable_top_words,calm_+1.0,1,stressed,9,0.34883221983909607
stable_top_words,calm_+1.0,1,stressed,14,0.37385573983192444
stable_top_words,calm_+1.0,1,stressed,18,0.42333000898361206
stable_top_words,calm_+1.0,2,calm,9,0.37434491515159607
stable_top_words,calm_+1.0,2,calm,14,0.41120240092277527
stable_top_words,calm_+1.0,2,calm,18,0.46821129322052
stable_top_words,calm_+1.0,2,patient,9,0.3856027126312256
stable_top_words,calm_+1.0,2,patient,14,0.42409199476242065
stable_top_words,calm_+1.0,2,patient,18,0.4954932928085327
stable_top_words,calm_+1.0,2,confident,9,0.3480490744113922
stable_top_words,calm_+1.0,2,confident,14,0.3868173360824585
stable_top_words,calm_+1.0,2,confident,18,0.44792842864990234
stable_top_words,calm_+1.0,2,frustrated,9,0.3775147497653961
stable_top_words,calm_+1.0,2,frustrated,14,0.43171221017837524
stable_top_words,calm_+1.0,2,frustrated,18,0.4981139004230499
stable_top_words,calm_+1.0,2,desperate,9,0.36886370182037354
stable_top_words,calm_+1.0,2,desperate,14,0.4185388386249542
stable_top_words,calm_+1.0,2,desperate,18,0.4848873019218445
stable_top_words,calm_+1.0,2,stuck,9,0.38168469071388245
stable_top_words,calm_+1.0,2,stuck,14,0.41933903098106384
stable_top_words,calm_+1.0,2,stuck,18,0.47597387433052063
stable_top_words,calm_+1.0,2,stressed,9,0.35713517665863037
stable_top_words,calm_+1.0,2,stressed,14,0.37996000051498413
stable_top_words,calm_+1.0,2,stressed,18,0.42282092571258545
mask_tokens,baseline,0,calm,9,0.3836725354194641
mask_tokens,baseline,0,calm,14,0.3791021406650543
mask_tokens,baseline,0,calm,18,0.44464781880378723
mask_tokens,baseline,0,patient,9,0.39396578073501587
mask_tokens,baseline,0,patient,14,0.3910443186759949
mask_tokens,baseline,0,patient,18,0.46392762660980225
mask_tokens,baseline,0,confident,9,0.3698267936706543
mask_tokens,baseline,0,confident,14,0.3680419921875
mask_tokens,baseline,0,confident,18,0.4321352243423462
mask_tokens,baseline,0,frustrated,9,0.39647939801216125
mask_tokens,baseline,0,frustrated,14,0.39945366978645325
mask_tokens,baseline,0,frustrated,18,0.47429871559143066
mask_tokens,baseline,0,desperate,9,0.3825007379055023
mask_tokens,baseline,0,desperate,14,0.38635286688804626
mask_tokens,baseline,0,desperate,18,0.46475616097450256
mask_tokens,baseline,0,stuck,9,0.40364164113998413
mask_tokens,baseline,0,stuck,14,0.39042213559150696
mask_tokens,baseline,0,stuck,18,0.45139080286026
mask_tokens,baseline,0,stressed,9,0.38560405373573303
mask_tokens,baseline,0,stressed,14,0.3627225458621979
mask_tokens,baseline,0,stressed,18,0.41116610169410706
mask_tokens,desperate_-1.0,0,calm,9,0.3836725354194641
mask_tokens,desperate_-1.0,0,calm,14,0.3791021406650543
mask_tokens,desperate_-1.0,0,calm,18,0.44464781880378723
mask_tokens,desperate_-1.0,0,patient,9,0.39396578073501587
mask_tokens,desperate_-1.0,0,patient,14,0.3910443186759949
mask_tokens,desperate_-1.0,0,patient,18,0.46392762660980225
mask_tokens,desperate_-1.0,0,confident,9,0.3698267936706543
mask_tokens,desperate_-1.0,0,confident,14,0.3680419921875
mask_tokens,desperate_-1.0,0,confident,18,0.4321352243423462
mask_tokens,desperate_-1.0,0,frustrated,9,0.39647939801216125
mask_tokens,desperate_-1.0,0,frustrated,14,0.39945366978645325
mask_tokens,desperate_-1.0,0,frustrated,18,0.47429871559143066
mask_tokens,desperate_-1.0,0,desperate,9,0.3825007379055023
mask_tokens,desperate_-1.0,0,desperate,14,0.38635286688804626
mask_tokens,desperate_-1.0,0,desperate,18,0.46475616097450256
mask_tokens,desperate_-1.0,0,stuck,9,0.40364164113998413
mask_tokens,desperate_-1.0,0,stuck,14,0.39042213559150696
mask_tokens,desperate_-1.0,0,stuck,18,0.45139080286026
mask_tokens,desperate_-1.0,0,stressed,9,0.38560405373573303
mask_tokens,desperate_-1.0,0,stressed,14,0.3627225458621979
mask_tokens,desperate_-1.0,0,stressed,18,0.41116610169410706
mask_tokens,desperate_+1.0,0,calm,9,0.3836725354194641
mask_tokens,desperate_+1.0,0,calm,14,0.3791021406650543
mask_tokens,desperate_+1.0,0,calm,18,0.44464781880378723
mask_tokens,desperate_+1.0,0,patient,9,0.39396578073501587
mask_tokens,desperate_+1.0,0,patient,14,0.3910443186759949
mask_tokens,desperate_+1.0,0,patient,18,0.46392762660980225
mask_tokens,desperate_+1.0,0,confident,9,0.3698267936706543
mask_tokens,desperate_+1.0,0,confident,14,0.3680419921875
mask_tokens,desperate_+1.0,0,confident,18,0.4321352243423462
mask_tokens,desperate_+1.0,0,frustrated,9,0.39647939801216125
mask_tokens,desperate_+1.0,0,frustrated,14,0.39945366978645325
mask_tokens,desperate_+1.0,0,frustrated,18,0.47429871559143066
mask_tokens,desperate_+1.0,0,desperate,9,0.3825007379055023
mask_tokens,desperate_+1.0,0,desperate,14,0.38635286688804626
mask_tokens,desperate_+1.0,0,desperate,18,0.46475616097450256
mask_tokens,desperate_+1.0,0,stuck,9,0.40364164113998413
mask_tokens,desperate_+1.0,0,stuck,14,0.39042213559150696
mask_tokens,desperate_+1.0,0,stuck,18,0.45139080286026
mask_tokens,desperate_+1.0,0,stressed,9,0.38560405373573303
mask_tokens,desperate_+1.0,0,stressed,14,0.3627225458621979
mask_tokens,desperate_+1.0,0,stressed,18,0.41116610169410706
mask_tokens,calm_-1.0,0,calm,9,0.3836725354194641
mask_tokens,calm_-1.0,0,calm,14,0.3791021406650543
mask_tokens,calm_-1.0,0,calm,18,0.44464781880378723
mask_tokens,calm_-1.0,0,patient,9,0.39396578073501587
mask_tokens,calm_-1.0,0,patient,14,0.3910443186759949
mask_tokens,calm_-1.0,0,patient,18,0.46392762660980225
mask_tokens,calm_-1.0,0,confident,9,0.3698267936706543
mask_tokens,calm_-1.0,0,confident,14,0.3680419921875
mask_tokens,calm_-1.0,0,confident,18,0.4321352243423462
mask_tokens,calm_-1.0,0,frustrated,9,0.39647939801216125
mask_tokens,calm_-1.0,0,frustrated,14,0.39945366978645325
mask_tokens,calm_-1.0,0,frustrated,18,0.47429871559143066
mask_tokens,calm_-1.0,0,desperate,9,0.3825007379055023
mask_tokens,calm_-1.0,0,desperate,14,0.38635286688804626
mask_tokens,calm_-1.0,0,desperate,18,0.46475616097450256
mask_tokens,calm_-1.0,0,stuck,9,0.40364164113998413
mask_tokens,calm_-1.0,0,stuck,14,0.39042213559150696
mask_tokens,calm_-1.0,0,stuck,18,0.45139080286026
mask_tokens,calm_-1.0,0,stressed,9,0.38560405373573303
mask_tokens,calm_-1.0,0,stressed,14,0.3627225458621979
mask_tokens,calm_-1.0,0,stressed,18,0.41116610169410706
mask_tokens,calm_+1.0,0,calm,9,0.3836725354194641
mask_tokens,calm_+1.0,0,calm,14,0.3791021406650543
mask_tokens,calm_+1.0,0,calm,18,0.44464781880378723
mask_tokens,calm_+1.0,0,patient,9,0.39396578073501587
mask_tokens,calm_+1.0,0,patient,14,0.3910443186759949
mask_tokens,calm_+1.0,0,patient,18,0.46392762660980225
mask_tokens,calm_+1.0,0,confident,9,0.3698267936706543
mask_tokens,calm_+1.0,0,confident,14,0.3680419921875
mask_tokens,calm_+1.0,0,confident,18,0.4321352243423462
mask_tokens,calm_+1.0,0,frustrated,9,0.39647939801216125
mask_tokens,calm_+1.0,0,frustrated,14,0.39945366978645325
mask_tokens,calm_+1.0,0,frustrated,18,0.47429871559143066
mask_tokens,calm_+1.0,0,desperate,9,0.3825007379055023
mask_tokens,calm_+1.0,0,desperate,14,0.38635286688804626
mask_tokens,calm_+1.0,0,desperate,18,0.46475616097450256
mask_tokens,calm_+1.0,0,stuck,9,0.40364164113998413
mask_tokens,calm_+1.0,0,stuck,14,0.39042213559150696
mask_tokens,calm_+1.0,0,stuck,18,0.45139080286026
mask_tokens,calm_+1.0,0,stressed,9,0.38560405373573303
mask_tokens,calm_+1.0,0,stressed,14,0.3627225458621979
mask_tokens,calm_+1.0,0,stressed,18,0.41116610169410706
